currentPrice,previousPrice,save,title
"
                                1 529,00 €
                            ","
                                , 1 799,00 €
                            ","
                                Économisez 270,00 €
                            ",
"
                                1 529,00 €
                            ","
                                , 1 799,00 €
                            ","
                                Économisez 270,00 €
                            ",
"
                                1 529,00 €
                            ","
                                , 1 799,00 €
                            ","
                                Économisez 270,00 €
                            ",
"
                                1 649,00 €
                            ","
                                , 1 939,00 €
                            ","
                                Économisez 290,00 €
                            ",
"
                                1 699,00 €
                            ","
                                , 1 999,00 €
                            ","
                                Économisez 300,00 €
                            ",
"
                                2 069,00 €
                            ",,,
"
                                2 109,00 €
                            ","
                                , 2 479,00 €
                            ","
                                Économisez 370,00 €
                            ",
"
                                2 109,00 €
                            ","
                                , 2 479,00 €
                            ","
                                Économisez 370,00 €
                            ",
"
                                2 119,00 €
                            ","
                                , 2 499,00 €
                            ","
                                Économisez 380,00 €
                            ",
"
                                2 279,00 €
                            ",,,
"
                                2 329,00 €
                            ",,,
"
                                2 329,00 €
                            ",,,
"
                                2 379,00 €
                            ",,,
"
                                2 379,00 €
                            ",,,
"
                                2 399,00 €
                            ","
                                , 3 169,00 €
                            ","
                                Économisez 770,00 €
                            ",
"
                                2 479,00 €
                            ",,,
"
                                2 529,00 €
                            ","
                                , 2 979,00 €
                            ","
                                Économisez 450,00 €
                            ",
"
                                2 529,00 €
                            ",,,
"
                                2 529,00 €
                            ",,,
"
                                2 629,00 €
                            ",,,
"
                                2 629,00 €
                            ",,,
"
                                2 659,00 €
                            ",,,
"
                                2 719,00 €
                            ",,,
"
                                2 739,00 €
                            ",,,
"
                                2 809,00 €
                            ",,,
"
                                2 819,00 €
                            ",,,
"
                                2 839,00 €
                            ",,,
"
                                3 019,00 €
                            ",,,
"
                                3 029,00 €
                            ",,,
"
                                3 139,00 €
                            ",,,
"
                                3 139,00 €
                            ",,,
"
                                3 179,00 €
                            ",,,
"
                                3 229,00 €
                            ",,,
"
                                3 319,00 €
                            ",,,
"
                                3 319,00 €
                            ",,,
"
                                3 349,00 €
                            ",,,
"
                                3 429,00 €
                            ",,,
"
                                3 479,00 €
                            ",,,
"
                                3 499,00 €
                            ",,,
"
                                3 499,00 €
                            ",,,
"
                                3 529,00 €
                            ",,,
"
                                3 679,00 €
                            ",,,
"
                                3 679,00 €
                            ",,,
"
                                3 709,00 €
                            ",,,
"
                                3 709,00 €
                            ",,,
"
                                3 709,00 €
                            ",,,
"
                                3 729,00 €
                            ",,,
"
                                3 729,00 €
                            ",,,
"
                                3 779,00 €
                            ",,,
"
                                929,00 €
                            ","
                                , 1 197,68 €
                            ","
                                Économisez 268,68 €
                            ",
,,,
,,,
,,,
,,,
,,,
,,,
"
                                3 779,00 €
                            ",,,
"
                                4 089,00 €
                            ",,,
"
                                4 109,00 €
                            ",,,
"
                                4 729,00 €
                            ",,,
"
                                10 469,00 €
                            ",,,
,,,
,,,
,,,
,,,
,,,
,,,
,,,
,,,
,,,
,,,
,,,
,,,
,,,
,,,
,,,
,,,
,,,
,,,
,,,
,,,
,,,
,,,
,,,
,,,
,,,
,,,
,,,
,,,
,,,
,,,
,,,
,,,
,,,
,,,
,,,
,,,
,,,
,,,
,,,
,,,
,,,
,,,
,,,
,,,
,,,
,,,
,,,
,,,
,,,
,,,
,,,
,,,
,,,
,,,
,,,
,,,
,,,
,,,
,,,
,,,
,,,
,,,
,,,
,,,
,,,
,,,
,,,
,,,
,,,
,,,
,,,
,,,
,,,
,,,
,,,
,,,
,,,
,,,
,,,
,,,
,,,
,,,
,,,
,,,
,,,
,,,
,,,
,,,
,,,
,,,
,,,
,,,
,,,
,,,
,,,
,,,
,,,
,,,
,,,
,,,
,,,
,,,
,,,
,,,
,,,
,,,
,,,
,,,
,,,
,,,
,,,
,,,
,,,
,,,
,,,
,,,
,,,
,,,
,,,
,,,
,,,
,,,
,,,
,,,
,,,
,,,
,,,
,,,
,,,
,,,
,,,
,,,
,,,
,,,
,,,
,,,
,,,
,,,
,,,
,,,
,,,
,,,
,,,
,,,
,,,
,,,
,,,
,,,
,,,
,,,
,,,
,,,
,,,
,,,
,,,
,,,
,,,
currentPrice,previousPrice,save,title
"
                                929,00 €
                            ","
                                , 1 197,68 €
                            ","
                                Économisez 268,68 €
                            ",
,,,
,,,
,,,
,,,
,,,
,,,
,,,
,,,
,,,
,,,
,,,
,,,
,,,
,,,
,,,
,,,
,,,
,,,
,,,
,,,
,,,
,,,
,,,
,,,
,,,
,,,
,,,
,,,
,,,
,,,
,,,
,,,
,,,
,,,
,,,
,,,
,,,
,,,
,,,
,,,
,,,
,,,
,,,
,,,
,,,
,,,
,,,
,,,
,,,
,,,
,,,
,,,
,,,
,,,
,,,
,,,
,,,
,,,
,,,
,,,
,,,
,,,
,,,
,,,
,,,
,,,
,,,
,,,
,,,
,,,
,,,
,,,
,,,
,,,
,,,
,,,
,,,
,,,
,,,
,,,
,,,
,,,
,,,
,,,
,,,
,,,
,,,
,,,
,,,
,,,
,,,
,,,
,,,
,,,
,,,
,,,
,,,
,,,
,,,
,,,
,,,
,,,
,,,
,,,
,,,
,,,
,,,
,,,
,,,
,,,
,,,
,,,
,,,
,,,
,,,
,,,
,,,
,,,
,,,
,,,
,,,
"
                                1 529,00 €
                            ","
                                , 1 799,00 €
                            ","
                                Économisez 270,00 €
                            ",
"
                                1 529,00 €
                            ","
                                , 1 799,00 €
                            ","
                                Économisez 270,00 €
                            ",
"
                                1 529,00 €
                            ","
                                , 1 799,00 €
                            ","
                                Économisez 270,00 €
                            ",
"
                                1 649,00 €
                            ","
                                , 1 939,00 €
                            ","
                                Économisez 290,00 €
                            ",
"
                                1 699,00 €
                            ","
                                , 1 999,00 €
                            ","
                                Économisez 300,00 €
                            ",
"
                                2 069,00 €
                            ",,,
"
                                2 109,00 €
                            ","
                                , 2 479,00 €
                            ","
                                Économisez 370,00 €
                            ",
"
                                2 109,00 €
                            ","
                                , 2 479,00 €
                            ","
                                Économisez 370,00 €
                            ",
"
                                2 119,00 €
                            ","
                                , 2 499,00 €
                            ","
                                Économisez 380,00 €
                            ",
"
                                2 279,00 €
                            ",,,
"
                                2 329,00 €
                            ",,,
"
                                2 329,00 €
                            ",,,
"
                                2 379,00 €
                            ",,,
"
                                2 379,00 €
                            ",,,
"
                                2 399,00 €
                            ","
                                , 3 169,00 €
                            ","
                                Économisez 770,00 €
                            ",
"
                                2 479,00 €
                            ",,,
"
                                2 529,00 €
                            ","
                                , 2 979,00 €
                            ","
                                Économisez 450,00 €
                            ",
"
                                2 529,00 €
                            ",,,
"
                                2 529,00 €
                            ",,,
"
                                2 629,00 €
                            ",,,
"
                                2 629,00 €
                            ",,,
"
                                2 659,00 €
                            ",,,
"
                                2 719,00 €
                            ",,,
"
                                2 739,00 €
                            ",,,
"
                                2 809,00 €
                            ",,,
"
                                2 819,00 €
                            ",,,
"
                                2 839,00 €
                            ",,,
"
                                3 019,00 €
                            ",,,
"
                                3 029,00 €
                            ",,,
"
                                3 139,00 €
                            ",,,
"
                                3 139,00 €
                            ",,,
"
                                3 179,00 €
                            ",,,
"
                                3 229,00 €
                            ",,,
"
                                3 319,00 €
                            ",,,
"
                                3 319,00 €
                            ",,,
"
                                3 349,00 €
                            ",,,
"
                                3 429,00 €
                            ",,,
"
                                3 479,00 €
                            ",,,
"
                                3 499,00 €
                            ",,,
"
                                3 499,00 €
                            ",,,
"
                                3 529,00 €
                            ",,,
"
                                3 679,00 €
                            ",,,
"
                                3 679,00 €
                            ",,,
"
                                3 709,00 €
                            ",,,
"
                                3 709,00 €
                            ",,,
"
                                3 709,00 €
                            ",,,
"
                                3 729,00 €
                            ",,,
"
                                3 729,00 €
                            ",,,
"
                                3 779,00 €
                            ",,,
"
                                3 779,00 €
                            ",,,
"
                                4 089,00 €
                            ",,,
"
                                4 109,00 €
                            ",,,
"
                                4 729,00 €
                            ",,,
"
                                10 469,00 €
                            ",,,
,,,
,,,
,,,
,,,
,,,
,,,
,,,
,,,
,,,
,,,
,,,
,,,
,,,
,,,
,,,
,,,
,,,
,,,
,,,
,,,
,,,
,,,
,,,
,,,
,,,
,,,
,,,
,,,
,,,
,,,
,,,
,,,
,,,
,,,
,,,
,,,
,,,
,,,
,,,
,,,
,,,
,,,
